All,Paid,Not_Paid
eb05780b-25ae-419f-9bab-1385bfaf852c,e9e53b72-076f-4743-b9c4-c61d48527927,168f1946-c0b8-4a85-b87c-2fdf93ac1e95
e769cdbc-2e45-459c-8bdf-dd36186084a4,f179122c-b44e-46fe-90ff-8242358dc2fa,939ed39d-b403-487c-8d35-6addd7ab8183
f805536d-407f-4727-a4c1-0c0bc2bdd426,d05c0f53-4455-454f-aa68-d2565b604520,cb944d58-1cc6-47b5-a213-51fb82e66103
c243151d-cf69-47d8-8da1-217affc86b11,b2b25af5-34b9-434f-a35e-aa483300ebaa,526efe9d-feb1-4710-b518-78567cdf6360
c423a67e-4f23-4ca2-a8aa-a2b2c121feec,6b64b830-1688-4c69-bb09-cc8a32bc52fd,89af2012-cbaf-41fe-a379-e644d2f99008
d7c80a9c-73d1-45f0-8d57-10c8ecb109ba,4e7d37b4-8660-4b9f-af5c-5e630932f81a,225ea49d-3910-47a7-a63e-e7c2820aeca0
fac4e7d1-bc3d-44e7-8480-afc9dd82c061,be5cddb8-d1ee-44e8-b290-1a30cf39958b,301602d4-db2b-4f3a-8623-1abe17ff1fb5
fc782da4-30e1-4681-be82-75c897981d54,fb85a854-6d69-4703-8997-de2645916dab,fc1ddded-1ace-4b2e-99ba-48e90b50df26
d4aaec4d-c4ce-4134-bd46-962ebd57085f,a076f790-6cf2-4628-80f7-2264e9203e36,057a9d6e-926a-4198-ad11-aa6803f2c155
d658062e-3198-4c33-9798-299fe05ce092,3e9db65c-f2cf-4925-9c01-cdf00f5ce922,ce3e5eac-8894-4607-87ed-a42aa61906a5
def31213-64ff-40b2-91a6-d99f4d26a858,24a3deea-8a6c-4640-a56f-62ad5eb983b0,69ceed82-a2c6-4c07-b5c4-4b7d53462c84
fc1ddded-1ace-4b2e-99ba-48e90b50df26,cb1bdf77-6c64-42ec-ab7b-f75962e74c75,e42b6533-30a7-46a1-b12c-b415ac39e086
b996315e-fce6-4401-9163-f3dbac73c66f,a1afbb16-1237-472e-b024-6ddb1d991d54,9ee7d31e-274c-435b-bc8c-0a4329833cb7
d274030a-87f2-4489-9389-cb2501d9af8a,e92b5855-55ec-4dba-b9f3-2bc95c817667,a07e8738-b8b5-4a90-b48c-70596fe85073
f46fe151-9ac5-43be-aa65-dfabb43ad9c0,97194e39-2096-44f6-8705-99df3d6e8ccf,d9399ec9-4e0c-4088-aea1-73faa11f6349
fba2246c-c467-46b5-ad27-cf973fcd1808,89d6b710-7178-4643-8329-c8427852775f,e3bae794-cb33-4b2c-a0fb-7d772d47e367
ccbac600-8856-43cb-8edb-e7c874405146,431e8bab-b99f-4269-b8ea-d7d7c7c46b9d,6c43ccac-9e28-4c48-8b7a-953e9533f773
e0e47ee3-b74e-452e-8129-bfe8faf235db,e2db89ef-9404-402b-bfb4-5830eac3ba9a,a35d51c6-9d08-4749-8bf2-33fbadf55ee4
f85aa02b-6178-47d1-9aae-3d33606644ae,5c56e034-0612-4c3d-aced-d3a1009df618,fbf72afe-42c8-458c-9903-b938b51e7415
0b5d132f-1fdc-4c96-90bc-83781879e4a8,29168aff-5dd1-4b6a-aa93-40596f84fead,2961777a-a6d4-4167-b8dd-375764f69249
3e504249-d58f-4bb7-a0dd-164796a51021,fc7fb478-e46b-404d-bd42-b8f15431c180,4fa6d82d-5eb6-44a8-b105-99aad4349d1f
6134babe-193e-4f08-85b3-5147d1af63a4,ae96f820-4404-4c5c-bad0-ca59f5f84136,d9364eb8-3c1c-44ec-ad67-7526e9860159
a1016748-5b91-4e22-acc8-1db88c55873f,f5832aa4-f5cb-4063-b4b4-837048f32dce,5f18ec41-23a4-4973-a2f2-80bde3dba996
a42246a6-5e1e-473e-8b77-c77eeca339d0,bfd1c7f3-e817-46c6-a4f9-dda3bd5cd586,69d40159-39ec-4120-9f61-b2550d7a019d
3509a26a-b216-4a82-ad7d-1467352ed2de,4513e10d-6e40-400c-bf68-9821569725da,88f88f68-92cd-4ab0-baa2-3e554dfd9898
057a9d6e-926a-4198-ad11-aa6803f2c155,82eddb80-f719-48dd-a758-4e6d59daa710,9925d381-3efd-4902-afaf-fb87fedad307
71d0a9ae-f326-4e50-a893-7b84ef29c2d6,9a5f6004-8728-4da9-8f8c-92f5f519f674,3e2a09a2-f256-4c9a-9e86-2622ffd775fe
9b7940d4-32b2-46a4-aa04-73b413a32685,ae03e20a-eac0-4a08-87a8-eaca2bd5ce23,de47999f-d98a-483c-894b-273e81c1775f
a257a329-235e-4e1f-82a5-0defbc7cdd34,16cdbc9d-f22a-4c6d-901d-887df8c3ac92,d274030a-87f2-4489-9389-cb2501d9af8a
91f39e50-2689-4375-af20-0be0d17caf40,d4aaec4d-c4ce-4134-bd46-962ebd57085f,28f60d93-920c-4b79-b349-1dea244c39c7
986717e6-80d8-45f0-8d34-8b76cb2dcf9a,4dba4252-75a4-42d9-bddd-1ea202f0677a,6776b53e-ec07-4f49-9644-b28b78bd94be
aee379e9-a08d-4e62-8be0-a78e567ee4f8,104f3dcc-3df9-4c66-bdf9-bb56f3e4093b,120eee1d-85f1-437d-910a-15e3d8c41118
b24da849-5f46-4ca2-bc90-770c0854b1b8,77b194f5-c02d-4f23-8485-259e06aab952,5be4e861-9216-4eb3-ac89-1c676cb98dbf
0ba99bb5-8874-436c-a0ff-e2c791819300,53c2cb93-de98-4b54-9fcf-858e74858305,02f752c8-cb85-4835-a6cc-a634b0c10abb
16f96fed-3539-4ca6-92c5-4d0de3700920,e00f1b89-4734-451d-aeb7-a0e2ff3a513b,309e817d-0aa6-452e-8084-2103573ce30e
45e51a60-21db-4042-9c90-a5270a5cf421,,b996315e-fce6-4401-9163-f3dbac73c66f
6b64b830-1688-4c69-bb09-cc8a32bc52fd,,f46fe151-9ac5-43be-aa65-dfabb43ad9c0
a63abd0b-cde2-4f07-8a93-6a9a8d8ff47b,,701b9417-436e-4d08-b54b-e105dbe137a9
1178d5fc-87e6-44d4-b948-2fa4ebf3afe0,,d8ef543c-f951-4079-85a3-6ee468e7f7d1
3d3da510-cd9e-4b32-9e12-d4de6ab36679,,3b498483-b21e-4812-90e1-7a6951227f72
4301d15d-cd84-4b53-8804-57c5eaed6755,,3e416989-0daa-46a5-9c19-cb4e8ae7e563
46572ee2-af63-4beb-a807-690fb1f5fa7e,,87d243ab-fda4-4745-be65-09852663e4bc
000d9f6e-c547-43e1-8c07-c102f1dbd3ae,,95cadcb4-57c5-4164-aa01-33951b2c38cd
169da7ea-a1bc-439d-91e6-79f01721f625,,0a738a41-ad3e-486d-9ec9-3406f761ffdd
1c6c56f9-32a2-4f34-a6a3-0a819d49edd8,,dcf3e3f6-3576-482c-b942-83a6ded5acad
2d98487f-0069-41b7-bf9f-2b90fd9375be,,ffdbd576-abd4-4a67-b4c1-ed42891da275
07ce57a4-3a9d-4da0-8e96-67d5af87c2e2,,
2052e37a-d52f-4012-839a-32c597469174,,
468c4d78-2d3c-4455-9de8-00ea366d94e3,,
4899202e-dc86-4bcf-8a71-c70eb51561bc,,
4dbb1ba5-4f82-45c3-8f38-e984358d5f26,,
58e4b926-e4ea-41b4-88e5-a315c1ec5330,,
73ae0bc6-9bcc-4825-a07c-4b443aa1309d,,
7e781340-2741-48fc-9d59-5be772723045,,
34c0adfb-ff90-46d8-b90a-4d7b7253ad2d,,
4613699a-0d4f-4bc6-ab9b-7bda67cd1945,,
8c573c79-3ec8-48e8-a079-55cda0b7078d,,
91e30527-b37d-469d-97cb-ec0127e1d0b0,,
bfd1c7f3-e817-46c6-a4f9-dda3bd5cd586,,
d602e0f0-5c04-4199-b66b-50bfa5e26a55,,
da9334a2-4125-4a03-8267-6648832742ad,,
e00f1b89-4734-451d-aeb7-a0e2ff3a513b,,
8a38d592-a7d4-4301-b914-8e8d0a95dc25,,
a84364eb-2edf-4bf1-be4a-147928c5a7d8,,
2127322a-504e-45f1-9963-d696586cfa4c,,
43891ce5-6d2f-4148-b88d-fa5c4ea78af0,,
5834a849-7ce2-4cea-ac81-a6fb63a30478,,
6af73a17-1ed5-4b83-b5a5-b4646d65137b,,
77b194f5-c02d-4f23-8485-259e06aab952,,
9441b287-c144-4f96-b60e-d72d422376ed,,
68635165-ca45-4f95-9e90-5e811157533a,,
800be054-1ec9-4cb2-bc21-c86256aedc21,,
a50d5c30-828d-4a8f-a909-afe057159cb0,,
659f796b-83c1-451c-89d2-34e39b3b44a4,,
88081d2e-14eb-4893-9dc3-ba1c2ba476d9,,
9c40a6c3-25ee-4b1a-aa72-310057457f86,,
02f752c8-cb85-4835-a6cc-a634b0c10abb,,
4fa6d82d-5eb6-44a8-b105-99aad4349d1f,,
53210e63-90a6-49db-94d6-22f186d6f0fe,,
b9b8f2e0-cacb-4a8d-acfe-d6c7fe5a09e4,,
e77524b4-c814-47b6-bb93-95c9bc045f29,,
fe3de657-c226-4240-8372-65ac09f8a6f1,,
bf5749e9-4dc6-4bf3-bf4f-0a8b4b61d7b1,,
dfb6b54e-136f-4202-9ce9-a7df24ef9d81,,
e1d112e0-f9ce-4726-b536-2b07023ac56a,,
e97c40e0-9ecd-462e-8104-cd5ea3aefc1f,,
f44f51ff-998c-4107-8711-04e46506bb32,,
ba77b5f3-1f7e-4a20-829c-2a094b4d6972,,
d8a60848-1f3b-4637-91ad-2297cd56b03f,,
be9807ef-cfb5-41f2-93e4-67f74f828cf1,,
c64dd1aa-fb20-4df4-83b0-e6789fac1744,,
ede59516-7cbe-4e5a-b1f2-34a27b283195,,
efdb15fc-f860-41fa-b9ce-4ae4a7a9a219,,
f443df12-c764-4a5a-83ee-a54def7647e0,,
d78fbce3-981f-4eca-bb47-61e9f540ae4f,,
db2c8800-4838-42b6-866e-be8494c1e824,,
c5f3ad05-7ab7-4428-b212-faec0cc8f1be,,
d7a9d91b-d3e5-4485-b16e-fc7019dc8a5d,,
f646c48e-b9e5-498b-b0de-0a29ea459cb8,,
bb7b0c9c-408b-4e3b-881c-fe6da450a296,,
cb7cf22b-e8c4-470f-9146-a9eef68e36d9,,
e808e082-147f-4f4e-a900-a3954dd791ab,,
e92b5855-55ec-4dba-b9f3-2bc95c817667,,
be1a9cf9-5614-4a66-8a1f-992ec46efcf7,,
cbb46b3d-59dd-4386-94f6-5377c1ace872,,
d0289fbe-7c6b-43fd-8839-c94ee3b17d6d,,
b7c0c0cd-034e-4211-8f1f-64aab37a7295,,
fe822720-ba7f-4173-b4e6-4a8b64737d8a,,
3eeac583-a653-445f-8f6b-1eb8b10eb8e8,,
5399c802-a4fa-4b8d-9b75-6c7955d7b35d,,
629ba7b8-758d-4438-85b7-140e8e74a8e1,,
719128b8-ea84-48e5-a2f5-58e0d44d3c4e,,
a2cae3a2-4284-44d8-b537-1d8040a8fbec,,
a5ee9148-fd5e-4499-8291-736b0c7216e5,,
aa07cb42-ceb3-49c4-838e-f757ae58c379,,
3c6b5c85-4840-4aaf-b385-0963c812c08e,,
4eb303db-5098-41fa-87f6-c2cc5df47afa,,
62a57c67-7d22-4582-b469-3409941cab3a,,
b12528d8-9997-4abb-9c7a-e96e4c2f5b9a,,
5c56e034-0612-4c3d-aced-d3a1009df618,,
65e6e8ec-ac99-469e-a7bc-5f46386802e5,,
1337d9c1-198a-469f-9125-3a3a8d6f744e,,
5e5490df-844c-4e6d-9502-043468174b1a,,
884fe2d0-6bdf-44af-ae4b-0ec2c249a6ea,,
9f2b8237-0a3e-40ec-8c2f-75962f1e611a,,
1c944f23-64aa-4196-b110-d0daad0dbc04,,
380a4f08-95e6-4483-abc6-655c71bd34e6,,
28f60d93-920c-4b79-b349-1dea244c39c7,,
301602d4-db2b-4f3a-8623-1abe17ff1fb5,,
3e5c02a7-cec7-47d7-af95-1c63d3314da2,,
4f7506a7-8d35-4df1-b1d1-b794eac81fa6,,
07629329-edc1-47fe-8e54-564d3806b3d2,,
12e62acc-9ca1-4870-b752-047bc9bc6ed5,,
16cdbc9d-f22a-4c6d-901d-887df8c3ac92,,
7294c50c-a3eb-4393-911a-95d927a7c778,,
85e3a7f7-fa6c-494f-8494-cc779dcdb310,,
8d5e5353-b110-4b2f-ac6e-9fc65cf5dc03,,
9ee7d31e-274c-435b-bc8c-0a4329833cb7,,
a17648b9-2664-4191-b1f4-ae041d3ae9b1,,
21aa3c7c-dc9e-4365-a06a-1793e1353644,,
4837edde-23bf-4e02-b754-29a62eff14ed,,
dedd4f54-256b-4a5d-8df8-18d8f336ee83,,
5c03046b-6a1f-4bef-9014-4b9925edac19,,
6b191463-d94c-4768-8c2a-d30684e416bd,,
9cb11b3f-d4ca-4d12-ad4f-dc7109be4dc5,,
79d4f4e2-e330-446e-b832-adfbb85ca2af,,
8823b002-d909-4048-90a3-2a1e149940eb,,
7497e1d6-8ef5-4c09-8fb9-21fd3214656c,,
6776b53e-ec07-4f49-9644-b28b78bd94be,,
928cec5d-5298-467e-96c4-02010d759aeb,,
940cdc2d-bc84-439a-baa1-52d10a840ca6,,
b2b25af5-34b9-434f-a35e-aa483300ebaa,,
210ab9d5-0516-43f1-8403-376a43cd227d,,
45a55fa3-5a80-42dc-b01b-37eb0a13565c,,
531fb01b-4d28-4214-a07d-ffcf5f5f1a16,,
b8e263a8-0f9d-4b5f-8c55-43b22067600d,,
e42b6533-30a7-46a1-b12c-b415ac39e086,,
c3f66814-ab84-419c-82c4-9b7f5d01ed0d,,
b787b2fe-890f-4454-9c1d-45ce0d7c82a3,,
d34b772e-56bc-48fa-973e-603114ad2501,,
dbedbaf0-a2d6-48f5-887e-5d87ad945f73,,
e7e32992-eb97-41d3-bbf0-97ddd35aa9b7,,
f9a52eca-50ba-4745-9b4f-815edfc8f9ff,,
c58de38f-12a0-4df5-a0b2-483d13cdac51,,
d6d7c13c-0218-4480-8119-5fdf4500ab8b,,
fb85a854-6d69-4703-8997-de2645916dab,,
b578fcf3-86d3-415b-ae1c-b01ba50be3ac,,
bc12a178-d10c-47cd-99ec-aa2e3158f546,,
bc8fd8da-eff6-46c9-89c2-7489793c9c09,,
d05c0f53-4455-454f-aa68-d2565b604520,,
e3bae794-cb33-4b2c-a0fb-7d772d47e367,,
f5832aa4-f5cb-4063-b4b4-837048f32dce,,
d69fde69-9cfb-40c1-b804-4daeb70774e6,,
ebb751f5-c217-4d90-88bb-d0cc16410dca,,
ef00ec83-b11d-4261-bbeb-37355e43232c,,
f7e67a51-ed42-4020-bc44-3f649471e89e,,
bacbb056-dd92-459c-a983-237679469d83,,
ca538894-2287-4f0d-9558-3760ec874b8d,,
cb944d58-1cc6-47b5-a213-51fb82e66103,,
f2f0c81c-3015-4b5f-af0b-05de9285c0eb,,
c04aba8f-506c-4e0d-8499-5465897e51bf,,
c8a094f5-d700-4271-89e3-228a12b00429,,
d2b82200-3a5a-4f71-9b38-11fde80bb2dd,,
0ee6db51-f822-4e10-a6b8-a59697f4c01b,,
34a48b5d-1aab-4424-9fd5-123797c0bdfb,,
508637ab-7b89-4329-91e1-69bf02e5907c,,
89d6b710-7178-4643-8329-c8427852775f,,
ae03e20a-eac0-4a08-87a8-eaca2bd5ce23,,
040c63ec-7998-4619-8b63-f45ced07ab51,,
3e416989-0daa-46a5-9c19-cb4e8ae7e563,,
40e35682-48ab-4b54-af8d-a7394a5effbf,,
4cabd7c2-3303-4488-8de3-4f16fc638454,,
552e8ccd-a782-42b3-b5dc-eca67c6e7c9d,,
34bcff00-2a3d-4bf3-a5a1-93b961406c96,,
49a740b9-46b1-4c7e-ab71-8fc9ebbcd12c,,
4e7d37b4-8660-4b9f-af5c-5e630932f81a,,
599bbb19-c19a-48e0-b70e-f56b1705c4bd,,
a35d51c6-9d08-4749-8bf2-33fbadf55ee4,,
b2102f7a-19f5-4937-81bb-d101d63ca2c6,,
83e7e842-bd93-435f-9b02-610495dc3a8c,,
52d65cb8-31ed-4ce0-b8cf-634f111b00b3,,
9a8b457d-3aad-4b04-bfb6-c5b29c623751,,
9eeebc5a-61b5-4a0c-be5e-6adbdb3982a3,,
408e05bc-9f2e-4ddd-ae3c-593a0d4a7422,,
44be1afa-3731-4894-9941-b4767fb3ebd5,,
1602e796-2442-430c-bb5a-7a2246dfb149,,
45336812-430c-4841-afea-fc4f1148b1b2,,
56e0c1d3-2688-463e-8e85-91c6ddb73503,,
0986363e-1e1e-4026-9c51-c0c2c0b7dc05,,
16ae9804-8acb-4e2f-bd27-7f9ec7dc1bc0,,
3940341c-4ea8-47a8-b4da-59b90ebe98db,,
48aebaf5-0663-4331-81a7-7cd5c13d65b6,,
5412435d-8076-442a-9a4a-2de552faced9,,
5bedfb7e-97aa-4d9f-88b1-9f91d51ed204,,
907646a6-3e7d-457d-80e5-9c11fb549aab,,
9bbfc936-30b9-42b1-86c1-da5d0f9f1ed0,,
a0b9e888-0dcf-4dfd-bf7c-cd7cdeb9bfa2,,
a25812f7-1dc3-49d7-8e60-bfad21bcf6c4,,
25f3c29f-d342-40c1-9a20-8d99b150fbae,,
4ab7758c-761e-4b37-9e2b-18527b27fb10,,
6072a1ad-7a4b-4077-ae01-1177853e3abd,,
712af033-91ce-48a4-afa8-757c29e44b2f,,
779cd2e3-a83f-4950-acd5-eb9f59c95f93,,
c5b052da-b1b1-43b3-8190-0a76c6ab11a4,,
cf7ec070-5d59-452c-8573-a9bf31103264,,
f1721da2-eb57-4272-9473-4b8fea3d26d5,,
915f9c1d-8a20-49eb-850b-a23b341e7406,,
120eee1d-85f1-437d-910a-15e3d8c41118,,
38ece8ac-ff5d-49c8-91ab-9e3c1f65e6f3,,
6fb4f018-2567-468c-b08b-355e6b192bde,,
af85545b-555b-4627-ab26-e48291078bcc,,
664cb200-ad31-40eb-bcad-c08faddbcb30,,
8566a71a-0a5d-43fe-a0d7-70255ead2313,,
ac917059-8ef3-4e12-a29b-62a8387b9576,,
59e27044-ddd0-44b6-98b6-dd5b696e2959,,
85593747-67ab-401f-87f2-59226a3d8f76,,
8b09e127-7b80-4da2-9291-408bce92ead3,,
9925d381-3efd-4902-afaf-fb87fedad307,,
a4ad7cf8-7317-4698-922e-e9db81cec12a,,
1d57c02f-8e56-437a-9ecd-28c1e108bbfe,,
25cdb209-29db-4050-bc65-276944bfd488,,
b7d2a99e-68c2-4600-b7b6-b82ff4b87213,,
c7fb41fb-1464-4f72-be5b-5b0797c0cd30,,
c1367c51-7478-411d-b21d-dc7c655623c8,,
c28d589e-8a1f-428f-963e-2d68e7110936,,
e84ce7df-40f2-40a8-b355-33efe43f19f2,,
ebde7df3-7b61-46c2-b878-7e411d38adcd,,
fb85cdc8-1269-49cd-adcd-6194f57eea45,,
de08a79c-dc59-4b11-a8f6-589cbf48484a,,
f62bd0e6-bf90-4b80-b79d-5c81acd2de65,,
d8ef543c-f951-4079-85a3-6ee468e7f7d1,,
faf1a2ec-97c2-4089-8c0f-780c41f8f45f,,
fd93e53b-7832-4262-87da-68749aca1609,,
cb16d376-0223-456d-bb8d-e3e7308de0ad,,
ce3e5eac-8894-4607-87ed-a42aa61906a5,,
e9e53b72-076f-4743-b9c4-c61d48527927,,
ca7f84df-7b6c-49d4-bc60-4a75020f7fc4,,
da71ee39-6e09-453a-a6c5-52bf6db72056,,
efce3b89-2546-46c6-b009-47172dc9dc68,,
fc7fb478-e46b-404d-bd42-b8f15431c180,,
badb32e0-1f26-450c-bf0c-5855ea78ddc7,,
c346382f-2872-4a99-bfb1-71d36b0c0931,,
d4427a51-9d63-4157-ba43-ed0d0ceef0ce,,
d4febf6f-2634-4e67-a849-3b221e590965,,
f5bfd3d3-b5a5-40f2-be50-b3d4f02addbc,,
3b498483-b21e-4812-90e1-7a6951227f72,,
4dba4252-75a4-42d9-bddd-1ea202f0677a,,
2a01255c-35eb-4f30-892d-17e7dfea60cb,,
0347b99c-70ee-4b70-b496-ae13ddb59f6a,,
22d4b616-8d00-457a-8d87-1879ee2aa108,,
37d8446b-7461-47e3-b31c-16d669d0b4d5,,
68672f50-6030-4ebc-b0cf-da9af3c671f3,,
6bbaec2e-5d29-4cdb-996b-8be1094141f8,,
91710d5e-88c1-44bd-ae18-4c68931a7104,,
66c94d81-fd45-4733-8dc9-6bdb78c1ee82,,
6c43ccac-9e28-4c48-8b7a-953e9533f773,,
b39bd4aa-4f7b-4caa-9ee5-d5282a18ecd7,,
225ea49d-3910-47a7-a63e-e7c2820aeca0,,
4513e10d-6e40-400c-bf68-9821569725da,,
4bce7600-a735-4d0b-a580-3686fff3683f,,
4df28fa0-27d7-4805-9163-9dd2e861bd68,,
b2c234b2-83d6-4c5d-9f10-d09cea2a6764,,
14db6091-575d-4e0e-aad0-439c0fe02a04,,
1f978788-b636-45a7-af75-7fef79a9ffbd,,
234dad3f-3086-404f-9a4c-67fb22db2b50,,
022d4a10-5580-409d-9b38-116e89bf2d2e,,
032c683b-9d68-4eaf-aa81-63c4eba76419,,
2f039f16-d6df-4b47-a61a-bd9182c5f331,,
3553d8d2-cb30-4fd9-96a2-f91c24b7c0e3,,
3d5b3a0b-382b-4d84-8503-73a8555af9b3,,
0018b8bb-4cde-4e53-a966-97fd650c943b,,
0dd3ab31-c517-4ca7-8d83-8aed869d1314,,
3b9e1012-4c34-4ded-a1df-b2c641a5e96d,,
69ceed82-a2c6-4c07-b5c4-4b7d53462c84,,
82bf8fec-4ce9-433d-a567-ed4085d28855,,
03b4160b-6c38-4617-ba5a-1bdfbd9785bf,,
045bf4a9-f499-43ee-80cb-eccf0605611d,,
05756153-0d90-42ca-af6c-43bdbb856112,,
13612e03-9578-4d45-8e44-868d96519975,,
15f5eadc-ec6f-4246-af81-8015abf25687,,
452deff1-c8c0-4ac7-97eb-26b894e5a12a,,
6239d7f2-b492-4805-bd03-47a26ad279fa,,
896ce4b3-5ff9-42fd-a8b5-3ade93091364,,
89902415-2cc3-4abe-8172-df27236aadf1,,
8cb1909c-2aca-472a-9d9f-de50f4839e1f,,
d2595f26-7335-476a-a6b2-50580f61d9a6,,
d2c8afbb-a0c0-42d1-b6d3-03cdf6039fc0,,
e2db89ef-9404-402b-bfb4-5830eac3ba9a,,
5af898d4-2b48-4d55-9c4a-9d2435883c0a,,
5be4e861-9216-4eb3-ac89-1c676cb98dbf,,
72f70baf-ba4b-4086-b26d-c661e8ba4e89,,
82eddb80-f719-48dd-a758-4e6d59daa710,,
aa1484b0-cb55-40a3-bc90-d8c6c70b8977,,
02c6e69a-64be-4c25-9598-fab01936c384,,
09117316-8315-4808-b473-a9f8cfa713df,,
168f1946-c0b8-4a85-b87c-2fdf93ac1e95,,
24a3deea-8a6c-4640-a56f-62ad5eb983b0,,
58adbfb2-b685-44d9-84e8-d45d3b3f8844,,
84405a35-f232-4818-a5e2-1f98f3aed19e,,
5e34159f-8f4e-41a9-9d0c-4d803e3665a8,,
88f88f68-92cd-4ab0-baa2-3e554dfd9898,,
8dfea16d-5e14-4ccb-9ce9-3d93e9078601,,
902af124-e5b0-4d00-ad32-7a4e041466c7,,
66b68481-e38f-4e27-aaab-5a1cc69a4d19,,
701b9417-436e-4d08-b54b-e105dbe137a9,,
9a5f6004-8728-4da9-8f8c-92f5f519f674,,
064864a7-e1cc-4ad7-8cf5-f4a8531a5c1c,,
0e58ac55-5cc9-4eea-820f-2e30b4e6cbb6,,
163e3d33-277b-40ff-afbd-6fa7b2e8432f,,
1817aeb7-e257-40b5-a596-4ed794117db8,,
53912733-d840-48a1-8d71-2ea5f1d7fc8f,,
ee1666fb-3466-43bc-944a-b46a6bb74caf,,
b634f383-6d36-46e2-b8cd-01ca5b8ed1a2,,
ed34210e-5352-4962-82ff-4afc6cc1b028,,
f76e98cc-8eaa-43bf-ad94-639929f7b865,,
fdcc6ca8-19b1-4b56-8a4d-ddd50320ed89,,
cf047973-9490-40a6-aaa8-1a1a15f58c29,,
d2618a29-926c-4f4e-a581-4cb903a1efad,,
e704ade5-d85a-47c5-8193-236c166a4f23,,
ef27fe62-7ccd-42a5-bacb-ba5f2e829ecf,,
fa29368e-14eb-4695-8834-e7f2cb78c3e0,,
ba615231-c561-4c20-ad7a-05db8216cc2d,,
be20988f-29d2-44af-bab7-ecbfde91e6f6,,
ca1b6a70-bf52-477a-8a78-a44f39c3678c,,
cbb348b8-e5e7-473c-878d-c9841e2d705b,,
d2e83cfe-098d-4534-b7c9-4e55206a34bc,,
e7dac347-df9a-4087-bac0-48ac2aea13d2,,
f179122c-b44e-46fe-90ff-8242358dc2fa,,
fe97b5da-4131-4756-a6bd-c1cdac62a5c1,,
d6152e73-0969-446f-b1eb-429cc198a3d3,,
f9b1078e-91da-456a-b68c-57425935590e,,
b7b10885-9c27-48e0-ab11-1a13ac092c42,,
bcf818ea-4553-4cc3-bb99-657bdc100da0,,
02e33e45-fae1-4879-96a8-1fb70353f300,,
06823c1f-45ba-43f8-87c9-7106340cfbe2,,
23f85d08-5431-4ee5-ba7a-2645e52c9189,,
2c362021-e0b8-442d-aa70-43ee837ca659,,
443e007f-5654-4d1a-9997-0cf32240e5be,,
50ee4d86-2710-40d4-a691-7cd240dd136d,,
555cd2f1-4e69-4889-9a62-0bfa47ee7458,,
57336806-4c2b-43dd-9d56-c2e4fdcf880c,,
93ab7582-5be0-4ac8-baea-f16ad35ba0ff,,
a9d85419-b48b-4a7b-8c3f-f2afb13e7175,,
01e39546-f7f6-422b-9c1a-f0287bd5db45,,
0a738a41-ad3e-486d-9ec9-3406f761ffdd,,
13cfc313-946e-4825-8a07-9d0c6b2c9dcd,,
41a36f2d-71b2-48ef-b1e9-b7140cfbced9,,
463348d5-b047-4157-9ab8-0827a7a926ab,,
50200197-3c49-4641-8290-65530378aaa6,,
12fc2989-fb2e-4fac-bc2a-cb600f7d39c5,,
23bb42a4-7796-405c-89f8-366efd8d296f,,
67ba68d2-24f6-4abb-986d-5592a87c1cac,,
6b84f180-ad4a-43e0-96c9-642393245837,,
827a652e-8585-41b9-a323-96089b4fa7bc,,
90497eb9-ebfe-4bed-beea-1fcf0e798ad5,,
995da127-00e1-4e1b-87b7-ad5f16281f35,,
a73c84b1-79ee-4190-b5fc-061403093f9f,,
6306fcda-04d1-4f24-872a-b36d8fa8657b,,
40fc6cad-4cf7-49dc-9f6e-407936052c84,,
7a9a2256-093e-4be7-ba91-affe774e5bb8,,
83623943-3994-4451-abb3-8d42ffa2eb20,,
ae35fdb4-0180-4f51-baa8-3d900340aef3,,
01c567f3-9cad-4af6-826b-d2ac97b67ba0,,
1c81a1b0-ed7f-4961-aa8d-722f1acca72c,,
226d579e-7290-49f5-9af5-f3a01d973916,,
09cc7650-443d-4478-a542-e53d6f48207a,,
309e817d-0aa6-452e-8084-2103573ce30e,,
32f1fdcd-8f2a-43e5-b2d2-ff4e0cb0d8b1,,
3e5b84a4-2cf4-4b90-a782-9df4654a3efa,,
58d5bf0d-0bbd-46c8-bc36-ac235c24fa85,,
16d15a3a-a073-4ea4-9441-011e02bf88b0,,
28e36bc3-e856-4e3a-a662-c60af0fcbce1,,
3957cb8c-3724-4fd1-9a08-35a79592ecbf,,
43576411-b8e4-4166-b959-95f6a6c51653,,
69a9ecce-d7cb-4a55-9c5c-ee0c05197a5a,,
79f24cbf-542a-4a79-ae6d-81a4250872f8,,
89666c63-e0dd-4b83-b20f-080a9732dfc4,,
89af2012-cbaf-41fe-a379-e644d2f99008,,
2961777a-a6d4-4167-b8dd-375764f69249,,
3e2a09a2-f256-4c9a-9e86-2622ffd775fe,,
4488387f-68b1-4931-a436-033c7657b263,,
6b46777d-78d5-4c3d-8f5d-4444147a8597,,
b102000c-0572-4bb6-a367-37690cd5bede,,
f1ab7fcc-1ce1-4c7e-bedb-6786d3aba45e,,
fbf02e53-0bcc-4f75-87b3-78b4be7f1dd6,,
5f18ec41-23a4-4973-a2f2-80bde3dba996,,
8e9166fe-f4cd-4e76-b629-8583a6ad5319,,
aa60ad1c-77c4-48ab-af0e-7dac0a280e00,,
ad1a10d9-57b8-446e-863c-bc17e282b488,,
adf59ded-c42b-4c41-abaa-3ae83ce0b8a1,,
14a34aff-c5a2-479b-a1d7-780d90cdf340,,
632c6313-5662-4863-a419-b74c386bf299,,
6e75d6be-7129-4591-9053-dec88fa12a03,,
71e22f65-ce2c-4896-9212-85d6f85e734b,,
73ab7f14-d3bd-4416-9c93-34b3bf489df3,,
94da8f73-ab2b-4e8d-ac4e-0dd50cae34e8,,
69d40159-39ec-4120-9f61-b2550d7a019d,,
8f29fd09-9a64-4601-8ab4-4b2ef300033e,,
6faf3b4e-ab57-4b78-9981-eeb29e074655,,
795d615f-7846-42dd-817f-21aee763aee4,,
de41c98e-b9fa-4cc7-99ba-747af0224435,,
df9434e2-a3ce-4d09-9dc2-d4e6a935f16d,,
d64721d1-4055-417a-8095-de2973ae21aa,,
dc675f83-69be-4545-b969-64c94ecac102,,
e1826c9b-22e0-4d10-b156-fa1c622e3fae,,
f2f6d667-5451-4372-8650-5272b8113ec7,,
c1a694d3-89fe-4c67-92ba-47b29bbd748c,,
d1b92f65-0b5a-4170-917b-62cb764a0d19,,
f9684599-e4d9-4886-8ef5-c6024d7ff4d4,,
bdbf190b-5638-4b35-a5e1-7aba3d7f0cae,,
e4a31798-775c-44c5-b1db-91b837784a23,,
f5a0bc45-e026-49f4-8201-78d24d2d1f67,,
cb49ceee-0a02-4f38-b361-c2b30adae744,,
cd2bef52-954c-4742-a6ee-c9e68d8fad7d,,
bd7dbc14-fe42-460d-982f-caa59833458e,,
e942855e-6f69-42f3-969f-012b8e50b413,,
eb8b19c1-74fa-45b1-a390-a2412f1bc929,,
ee0de6aa-54ff-40a0-8330-725a3dd3796f,,
f6582998-8af5-4422-918c-66155f976b34,,
b4988bf4-c953-4f3c-bbd1-7ced5f5828dd,,
b9ad4de2-ccad-40da-a10e-4ac1d5023822,,
dba5f23e-7595-47c4-aff5-7a383da4a7f0,,
3df22e2a-793a-4f6c-821c-ffc374c0333e,,
65fa334c-90f6-4cf3-805d-cebac15827dc,,
8d8fb2c3-94c3-4c18-8150-985a9c0f6c6f,,
1b57a8c9-7d7e-4823-8ab3-53e9ab46bbb0,,
1e9ea462-95d8-4fd5-8747-b7077a3b262f,,
529ea89a-2175-4b55-aa8f-2ec125e83e4a,,
57ba5507-7256-440c-bbed-12189593da48,,
0dcc4aa8-d368-4da5-8646-b2e0cfd50f67,,
4fc58e38-4479-47e8-b81e-e3d8dcc1c449,,
89d0f0e7-e779-471d-844a-b2d63b82869d,,
acced7a5-adf3-4af0-b3ff-64dde5903ec3,,
683972dc-360c-4cb1-8d23-19d0cfe7a1c3,,
81c186e9-c115-46a4-8a3d-2d1bbbcc3e3b,,
ace5b654-53ac-42bc-8e2e-050ba960aae6,,
032295cd-cfac-452d-acd4-fa8db6723e99,,
10c3bd97-31e1-4a1e-8ea2-566cf64b0d59,,
1981740f-5b23-405a-a9ab-5a0772c4e94d,,
29168aff-5dd1-4b6a-aa93-40596f84fead,,
3e9db65c-f2cf-4925-9c01-cdf00f5ce922,,
48dcfd5b-618f-4be7-b4e3-b2295c0babd7,,
557b5b1b-e2f4-4415-b36e-5ee47cb2cd55,,
a7ed9bc5-027e-47f8-8f80-e8f01cb44d67,,
a9e952b8-197d-48a2-919e-e89bd60ce5dc,,
315cc29a-9d93-42bc-ac81-7426f5923ae7,,
31b0b9e5-fb34-421f-83de-167a562c6e66,,
56e582bd-b377-4f11-bed4-ec9a327ff6ac,,
0f1cd1fb-fd9b-499e-9adf-8b9f30ea2315,,
2d3adb75-8025-48d2-9aa2-9aadc29732ef,,
307dd4d6-f516-4d1c-bb51-5e942be094f7,,
3139ab39-34f8-4b0e-a56b-850ef0e27f63,,
37003d0c-dec6-405d-8f90-4955e9ce6fd3,,
46b83b65-2b11-4f05-a474-4e607fb2156c,,
6254eaf3-b47b-4e1d-841f-550790dd9568,,
65457d84-d608-4d19-a3bd-7e3e1bd9da51,,
66d0cb3a-4252-42ff-ad4c-3f615f8fb1f6,,
8248fb4b-dbbe-49ea-89fb-6c597ee08ce1,,
97194e39-2096-44f6-8705-99df3d6e8ccf,,
025cdf73-69a1-41ad-95a8-6e38d7cb0c06,,
185d1647-a6a4-46db-ad3c-662e28395013,,
258cba1f-33a0-43e5-80aa-7803f4fb9516,,
455e6723-5819-466b-92f6-0ac91b804ff2,,
97e1e2f5-4e2a-4c03-baa2-81de1a94ed79,,
ae96f820-4404-4c5c-bad0-ca59f5f84136,,
b2d30213-62ca-4219-8f11-c2797dadeee9,,
e95a6484-9949-4ff0-9a0f-36414b6a14bd,,
ee2f6209-8596-473f-8149-f3be4c8d54ca,,
ffdbd576-abd4-4a67-b4c1-ed42891da275,,
5db7d4cc-a042-40ea-ab88-53445e07404e,,
a365bbb3-0073-4ca7-b656-3b6ee64d05d4,,
20f37dcc-3425-4cab-95b5-f0fb112101fc,,
372eafe5-3446-44fc-acfb-48dd11a092b4,,
38a83db8-ed7a-42fa-9c77-9b389ccf8fc3,,
7d5b603a-8ad6-4a03-96eb-09dfd0bd25d4,,
6d645fd9-f625-4487-8070-80c770047323,,
868b11cb-527e-4fff-8985-4c2137a6ab25,,
a076f790-6cf2-4628-80f7-2264e9203e36,,
a7081a80-b90f-435a-aaf4-d44559769963,,
53c2cb93-de98-4b54-9fcf-858e74858305,,
c068086d-44bf-4c32-a642-31b28d84745d,,
ceee57f5-6adc-4a4e-912a-c9ed3f550303,,
de257cce-8cee-4d89-8255-c5ea68fb5f0e,,
e2005e50-0956-43af-8625-43c7fbc4b2cf,,
b934d608-fc00-4154-a9fe-6f1b61ff4768,,
f08dc5a3-6cef-40b9-87db-5b1d38889cb2,,
b68adcfe-42c5-4331-bee6-54fc2abd0f8f,,
c559edfa-527f-4ac6-86b7-d56fb6f7d198,,
cb1bdf77-6c64-42ec-ab7b-f75962e74c75,,
cd0a4403-9488-4d51-a614-8bd5d9e7f3f6,,
cf50978a-d18b-4d4f-bab3-c53f794e0d30,,
fed5f6f2-d58f-4d94-a8ac-3f8abc6e8acd,,
b5573eb5-b236-4b96-a449-518c9f0285d5,,
e9885a10-6bf3-4622-a5d5-5ef18907a26a,,
c3f8d4eb-a15f-4d96-92bb-a2dac11b8a8d,,
d9364eb8-3c1c-44ec-ad67-7526e9860159,,
dcf3e3f6-3576-482c-b942-83a6ded5acad,,
def7c9ed-dcd3-4dc8-b9f2-b577df55ca33,,
d1be615f-6861-4fcd-80a5-cd0bf17f664f,,
d327e1f4-8bd8-4161-9b05-d8d9bf96f414,,
f0701a91-3b50-4306-bb93-a54f43dc724d,,
f4ef3e05-acaa-41cf-aee8-86efa64ef7e3,,
f78f04bf-ac2b-4934-b1b4-6384c9694e44,,
bd06d2af-fe0a-4886-bb0e-0d33d2278c0d,,
be5cddb8-d1ee-44e8-b290-1a30cf39958b,,
d5c57fd7-ab42-482b-8c54-4842ef18c283,,
d71c0d54-4add-4d1e-9a73-3d637468021a,,
df391a8d-affa-40a2-a90f-f6396407b46d,,
c4b07c00-52f8-4078-995f-44bd66122103,,
3ea6e875-b981-40eb-b140-e9adb8cc0063,,
504553a7-b898-4d7c-905e-05b08f161cd0,,
84fc2faf-615e-4d14-8526-7b975e908158,,
9e37c36a-911b-4b23-b9c0-5e6178ff8707,,
af111048-d722-454b-90e7-b82bb9c5cd15,,
0affbf2b-ff73-485d-ace7-ea91e136c20a,,
32f5f538-5c7e-4ae7-a167-ece68fb6d8d6,,
431e8bab-b99f-4269-b8ea-d7d7c7c46b9d,,
4b0c1a39-745c-41b5-87b7-8f1b5517a113,,
56c8809a-2f24-4267-971f-d81029d390c2,,
5b53b8e0-d418-437d-86d8-64558c71322a,,
5ed90ef5-2497-4e0b-9434-6b4540ca8f85,,
8c2330e7-eaed-48a9-8fa0-a0ae91c00308,,
8fc1cd91-ec49-4f39-aaaa-b6ac64c2ff10,,
91381533-1d3a-4209-bf4a-6d31bed7825e,,
64a084e8-98a2-4e65-bfec-8bb05f9ac47e,,
7fcd5cd0-895e-4e8b-b0fb-8e3efe3c7fbe,,
98ca456e-aef3-4f46-8c28-332680e878c6,,
a0b892cb-12f4-4eeb-883d-2f0d690fe9b8,,
284e7749-5626-4744-bc2c-115ca0c4f3ba,,
2ff2d804-0334-4ff3-a21d-41b23adb8d9a,,
302df6ee-33e6-4c40-a75b-829585471b58,,
35b899e3-a978-4fab-a098-557a1cef4519,,
6cac3eab-95d2-45c6-a2ed-0ebe357cd489,,
781a8114-042e-4381-aba2-5d8237edf8fa,,
038c7c1b-45fd-4e63-b8a9-62f477084179,,
362867e5-56be-4944-9688-5ef7a7630728,,
39b29505-be61-4bc0-bfdf-3ecc82abacca,,
00f4292c-7846-4768-920e-7d1cc2dbbdcc,,
00f86fef-ce1c-4a5c-94fb-166c2a8feeff,,
13c1b191-3623-4a2c-858c-1368df787012,,
31104521-021d-40aa-9b0c-7dfe0ee77213,,
45285e86-b843-4cf4-aebb-670add79ccc2,,
5669e132-7ea0-4798-82c8-e5cd96e72cca,,
56b6613c-fa45-4060-89fa-6ecac8dde94d,,
58759018-1543-4534-a6f6-9ad1d6bd5319,,
345c0ef4-7d39-46f9-a463-5016620de322,,
3fed4eec-351d-4e2e-afc9-7ff76ede075a,,
56e95171-11a7-498a-9975-85db73b41562,,
6096e473-6146-4939-ba1b-7e1923e5d68e,,
685e726a-db28-4831-9635-cba89821bbe8,,
939ed39d-b403-487c-8d35-6addd7ab8183,,
104f3dcc-3df9-4c66-bdf9-bb56f3e4093b,,
12fd9fd5-00b6-496e-ba24-016f5411e121,,
39d6633d-cb14-4f46-9b5d-23da8a5877e2,,
407d3b73-e0d5-42ea-9b87-1c7c7ad6b67d,,
44685767-cea4-4672-8297-4bfa9f2664b6,,
59f520d3-d6c9-4674-bb02-0c00ae0eb1a9,,
60838104-d19b-4c2f-a954-52c0425cc4e6,,
83d6f0f9-3fcc-4188-a12c-e59a335a2450,,
9556c0e3-6951-4870-9883-be3026726287,,
9a24cfb5-c8b6-40c0-9105-bc50f8c7a435,,
b8177b65-9b6c-47a1-bac8-418f44ee451c,,
d17de1d4-a73b-40b3-88ff-423d1e6d7ad8,,
9da6a918-a9da-43c3-8e88-26f972821f90,,
02d17522-3540-4434-9de1-05708b905f0c,,
0baa4fad-58d4-4549-ad43-216a6040e0c4,,
1ee7e644-f7a3-43f1-9128-9d24644a4a38,,
2c92ff5e-dcd6-42e1-ac4c-d6e62ae91c42,,
2da578a0-5d5f-4369-bd56-095a7a1f4746,,
2f736034-dddc-418f-8913-8b6ed5b6e03f,,
3e19ec7b-f634-4c30-8cca-c95d5a03e3c0,,
45fe677a-a7a1-4d64-a4a5-dac1386f40db,,
6312481c-0498-42d0-9531-2fa8119f297f,,
64185830-8fde-4c07-9f17-5d2329821367,,
903ecbab-0f4d-4d95-9044-121a6b5bdf8e,,
8599d319-f1c7-4dcc-85c2-526625947011,,
a573c466-b934-4930-90fa-f610b4daadfe,,
27b30357-cd5e-4831-a065-ebeeeabc1154,,
32b6b2a7-2b15-4423-ac26-48e84b1b7f7e,,
488ab537-60a3-4418-b92a-fffa8ae22d4c,,
bd8f9074-75e4-4368-95db-d126aedc98de,,
ca5441d0-7258-4678-99ba-d5067b94e680,,
cc79f5b5-4497-4c1c-8721-32e38a887a91,,
ce88e0ab-1141-431f-ad0c-f5af8f06f37b,,
d07c3adf-d0c2-4d4f-a90c-cd0cb8a1ddbe,,
d563438c-fa58-4aef-b23b-d29972a9a170,,
fbf72afe-42c8-458c-9903-b938b51e7415,,
ba7937d4-b1bf-45d1-b6b3-2a5a834366ee,,
dab07ede-c7e3-4932-9831-c7c4586b9c38,,
ef7ea19a-9c85-4df2-8d0f-bc74157f6f9d,,
f0fa8d1a-9f54-48fe-8c34-d1428b4c33a7,,
f88b94f5-ed46-4b23-8a96-b400aa99fb08,,
d679e2b7-3d60-48a6-a7b8-e08701572a16,,
e5990665-0a87-43f8-aaf4-c5d1587d6215,,
f3032ec3-76c4-41e5-9a4e-6649a78269c6,,
b4f3ed67-0bbd-4d3a-b87e-6cab8df9bbab,,
c0db375b-1b52-4028-9db4-228785d47153,,
d9399ec9-4e0c-4088-aea1-73faa11f6349,,
f34faec2-c580-4601-8b14-4c00e6a963bd,,
fad23010-9877-416b-af31-6047de930bef,,
01f4d00f-9302-47de-9d7a-5ee17052527f,,
4da7386f-671d-4e17-b661-a2bd6932e78e,,
5e01b634-1c1f-4cbc-aa8a-30ac71b19e81,,
6ee35eb9-f997-4194-8e2b-eb69b901e626,,
733d8cf7-da80-4b3e-b6eb-09ce286591fb,,
7440ca49-bbe4-4bcd-84b2-e36d7c2ee944,,
87d243ab-fda4-4745-be65-09852663e4bc,,
8ce939a6-b88c-4b6d-8494-dc9f772154c6,,
aff36e0c-7e87-4eec-8f99-27b79a3620bf,,
23755b98-7842-4c0f-8b7c-cb2cb794b660,,
38c01b4d-315f-4548-90cb-b21d601fcc28,,
526efe9d-feb1-4710-b518-78567cdf6360,,
67814e30-ea0a-4c78-92c5-142d88aca240,,
810243d1-f2ee-49f9-b627-d87842f5ee13,,
aa865f8f-5abe-4164-ac4e-85d23ca46392,,
70dbc92c-1572-42e7-9cc3-2c12a3539952,,
2ffac9e8-9c6a-4152-aea9-e39e3afb59ad,,
3ae74086-7310-45d3-a720-5cb2f99bdcc1,,
4227be34-a4e5-42e3-8bcc-b51bd4075127,,
6d221beb-fa80-4cd1-ac6f-47becd08051a,,
8af259b2-8594-49a1-a359-76d87ab17341,,
900e3839-9878-4d88-a331-d4070e627a1c,,
a43507b1-5c18-465a-859b-2e6b51ea1a19,,
3ef2f543-1a54-4569-9a04-890fbee6d2e0,,
44fe2d33-0978-471d-804a-b92404b8084b,,
029f2f54-43cc-4a59-9151-fe5a5da818b4,,
1a7d01e2-d8bd-4404-b42f-511472a4f811,,
25ef2a5c-88a8-4ca8-ab07-7f6ff16109cc,,
3ec33e25-ea80-417d-a90b-a1d748fd15e7,,
3fa3d5cc-e634-46d4-a564-b3d9d204b846,,
028aecb4-0375-4e51-91d1-de5a7546b8be,,
1c7da845-521c-456c-966e-b3db429e7f9c,,
38059ff6-f9c9-49f7-bc00-4c2ce4845944,,
48499fce-7740-49f3-8221-ad95786e9487,,
4c3cdcc3-0c3e-47eb-a855-4af914a6c9ca,,
6b723b3c-34e0-478d-a303-34d3036266f5,,
2096e604-80be-4718-a3a3-03f7320aca6f,,
72fd759c-6b21-4d63-8667-1cfcf044efbb,,
8119113f-f566-41e6-8f0d-c364d69cffc4,,
828637ec-35f9-47e2-969c-0ae9897b669b,,
a07e8738-b8b5-4a90-b48c-70596fe85073,,
a1afbb16-1237-472e-b024-6ddb1d991d54,,
ba2f5ee4-092e-4342-96c1-5ca8159ddc0f,,
de47999f-d98a-483c-894b-273e81c1775f,,
7f5dcde9-80fd-4371-830a-59632f4b8124,,
80920585-e11f-49b6-8d73-7a76c397fff2,,
a1ba3997-9bcd-4dd9-a4df-7dd620a6d8b1,,
a67f04a0-1367-4861-8256-2932450f9ca0,,
a6be6f3a-8682-499e-b0cc-5a16875b14c0,,
b1f8b4b0-8287-4037-8b40-b518bc83fa1f,,
116a6de9-75f9-409b-8a37-321c6a389efa,,
1ff2c958-1870-4f94-a249-f548736fc249,,
238e92d1-ed38-459c-a1b2-9baded689c51,,
351c9ff3-c3b8-4a4a-8428-92ba8dbeffc4,,
3dc73df0-2731-444f-bd65-182ef426abc2,,
537b66ae-5022-4567-a3d5-d04a6c4983cb,,
6642eb7c-ce9f-44b7-b4ea-62af10931649,,
7ed51e0f-6ea7-4a11-8f6d-0b233ae6d02b,,
9109878c-558d-45ce-87ba-88725d7b6b84,,
923e998a-3e32-4029-8444-8c5675f3b6df,,
99c9c929-fd4e-494d-9c3b-6a544cd7b179,,
71449eb1-d3b3-4961-8e70-ee03198a1a7e,,
7f5f000f-98d1-4460-97e4-9dafc1e4dc91,,
68839381-0248-4054-9041-e71d47cdef51,,
6f07cfee-822c-45e0-bece-91c6d5a6c7a1,,
8d12dadb-6af8-4786-9b7d-fc4ea759c46f,,
94ac71b6-2c34-4c54-b3d8-895f0e5ac265,,
95cadcb4-57c5-4164-aa01-33951b2c38cd,,
46a2abe2-a716-40a2-b8aa-e4fce5e8cc52,,
bc12a178-d10c-47cd-99ec-aa2e3158f546,,
bc8fd8da-eff6-46c9-89c2-7489793c9c09,,
bacbb056-dd92-459c-a983-237679469d83,,
f2f0c81c-3015-4b5f-af0b-05de9285c0eb,,
c3f66814-ab84-419c-82c4-9b7f5d01ed0d,,
a0b9e888-0dcf-4dfd-bf7c-cd7cdeb9bfa2,,
0ee6db51-f822-4e10-a6b8-a59697f4c01b,,
34a48b5d-1aab-4424-9fd5-123797c0bdfb,,
508637ab-7b89-4329-91e1-69bf02e5907c,,
4cabd7c2-3303-4488-8de3-4f16fc638454,,
b3e297c8-98c2-42c9-a59f-2b2ff69aa105,,
ebb751f5-c217-4d90-88bb-d0cc16410dca,,
0986363e-1e1e-4026-9c51-c0c2c0b7dc05,,
16ae9804-8acb-4e2f-bd27-7f9ec7dc1bc0,,
3940341c-4ea8-47a8-b4da-59b90ebe98db,,
664cb200-ad31-40eb-bcad-c08faddbcb30,,
ac917059-8ef3-4e12-a29b-62a8387b9576,,
1602e796-2442-430c-bb5a-7a2246dfb149,,
6fb4f018-2567-468c-b08b-355e6b192bde,,
f9a52eca-50ba-4745-9b4f-815edfc8f9ff,,
1d57c02f-8e56-437a-9ecd-28c1e108bbfe,,
25cdb209-29db-4050-bc65-276944bfd488,,
34bcff00-2a3d-4bf3-a5a1-93b961406c96,,
cf7ec070-5d59-452c-8573-a9bf31103264,,
b2102f7a-19f5-4937-81bb-d101d63ca2c6,,
25f3c29f-d342-40c1-9a20-8d99b150fbae,,
915f9c1d-8a20-49eb-850b-a23b341e7406,,
d378b910-6272-4c77-80a0-e5fcfb306ce6,,
b7d2a99e-68c2-4600-b7b6-b82ff4b87213,,
c7fb41fb-1464-4f72-be5b-5b0797c0cd30,,
da71ee39-6e09-453a-a6c5-52bf6db72056,,
e2eb99c0-a4ef-4d4c-9b90-76c69daed6a0,,
efce3b89-2546-46c6-b009-47172dc9dc68,,
c1367c51-7478-411d-b21d-dc7c655623c8,,
e84ce7df-40f2-40a8-b355-33efe43f19f2,,
ebde7df3-7b61-46c2-b878-7e411d38adcd,,
82bf8fec-4ce9-433d-a567-ed4085d28855,,
2a01255c-35eb-4f30-892d-17e7dfea60cb,,
66b68481-e38f-4e27-aaab-5a1cc69a4d19,,
701b9417-436e-4d08-b54b-e105dbe137a9,,
c346382f-2872-4a99-bfb1-71d36b0c0931,,
d4427a51-9d63-4157-ba43-ed0d0ceef0ce,,
d4febf6f-2634-4e67-a849-3b221e590965,,
5e34159f-8f4e-41a9-9d0c-4d803e3665a8,,
902af124-e5b0-4d00-ad32-7a4e041466c7,,
3553d8d2-cb30-4fd9-96a2-f91c24b7c0e3,,
b2c234b2-83d6-4c5d-9f10-d09cea2a6764,,
84405a35-f232-4818-a5e2-1f98f3aed19e,,
4bce7600-a735-4d0b-a580-3686fff3683f,,
4df28fa0-27d7-4805-9163-9dd2e861bd68,,
064864a7-e1cc-4ad7-8cf5-f4a8531a5c1c,,
0347b99c-70ee-4b70-b496-ae13ddb59f6a,,
06f1ab2b-bd18-490e-b77f-a221d6e159d8,,
22d4b616-8d00-457a-8d87-1879ee2aa108,,
37d8446b-7461-47e3-b31c-16d669d0b4d5,,
d2595f26-7335-476a-a6b2-50580f61d9a6,,
234dad3f-3086-404f-9a4c-67fb22db2b50,,
896ce4b3-5ff9-42fd-a8b5-3ade93091364,,
89902415-2cc3-4abe-8172-df27236aadf1,,
8cb1909c-2aca-472a-9d9f-de50f4839e1f,,
68672f50-6030-4ebc-b0cf-da9af3c671f3,,
6bbaec2e-5d29-4cdb-996b-8be1094141f8,,
05756153-0d90-42ca-af6c-43bdbb856112,,
452deff1-c8c0-4ac7-97eb-26b894e5a12a,,
82eddb80-f719-48dd-a758-4e6d59daa710,,
aa1484b0-cb55-40a3-bc90-d8c6c70b8977,,
ba615231-c561-4c20-ad7a-05db8216cc2d,,
ca1b6a70-bf52-477a-8a78-a44f39c3678c,,
e7dac347-df9a-4087-bac0-48ac2aea13d2,,
b7b10885-9c27-48e0-ab11-1a13ac092c42,,
ef27fe62-7ccd-42a5-bacb-ba5f2e829ecf,,
fdcc6ca8-19b1-4b56-8a4d-ddd50320ed89,,
82e1b7e9-6b7a-42d3-b7c3-abbde0919689,,
93ab7582-5be0-4ac8-baea-f16ad35ba0ff,,
06823c1f-45ba-43f8-87c9-7106340cfbe2,,
2c362021-e0b8-442d-aa70-43ee837ca659,,
443e007f-5654-4d1a-9997-0cf32240e5be,,
555cd2f1-4e69-4889-9a62-0bfa47ee7458,,
13cfc313-946e-4825-8a07-9d0c6b2c9dcd,,
6faf3b4e-ab57-4b78-9981-eeb29e074655,,
795d615f-7846-42dd-817f-21aee763aee4,,
d6152e73-0969-446f-b1eb-429cc198a3d3,,
19bfcdab-6f77-4664-ac9b-d87976d74c73,,
43576411-b8e4-4166-b959-95f6a6c51653,,
8f29fd09-9a64-4601-8ab4-4b2ef300033e,,
58d5bf0d-0bbd-46c8-bc36-ac235c24fa85,,
7a9a2256-093e-4be7-ba91-affe774e5bb8,,
ae35fdb4-0180-4f51-baa8-3d900340aef3,,
632c6313-5662-4863-a419-b74c386bf299,,
71e22f65-ce2c-4896-9212-85d6f85e734b,,
cf047973-9490-40a6-aaa8-1a1a15f58c29,,
12fc2989-fb2e-4fac-bc2a-cb600f7d39c5,,
bc6dcb35-7d38-44e1-9ce8-08bf1545b252,,
f1ab7fcc-1ce1-4c7e-bedb-6786d3aba45e,,
1c81a1b0-ed7f-4961-aa8d-722f1acca72c,,
6b46777d-78d5-4c3d-8f5d-4444147a8597,,
827a652e-8585-41b9-a323-96089b4fa7bc,,
2961777a-a6d4-4167-b8dd-375764f69249,,
8e9166fe-f4cd-4e76-b629-8583a6ad5319,,
ad1a10d9-57b8-446e-863c-bc17e282b488,,
b634f383-6d36-46e2-b8cd-01ca5b8ed1a2,,
cb49ceee-0a02-4f38-b361-c2b30adae744,,
de41c98e-b9fa-4cc7-99ba-747af0224435,,
df9434e2-a3ce-4d09-9dc2-d4e6a935f16d,,
bd7dbc14-fe42-460d-982f-caa59833458e,,
e942855e-6f69-42f3-969f-012b8e50b413,,
eb8b19c1-74fa-45b1-a390-a2412f1bc929,,
bdbf190b-5638-4b35-a5e1-7aba3d7f0cae,,
372eafe5-3446-44fc-acfb-48dd11a092b4,,
f2f6d667-5451-4372-8650-5272b8113ec7,,
6254eaf3-b47b-4e1d-841f-550790dd9568,,
65457d84-d608-4d19-a3bd-7e3e1bd9da51,,
8248fb4b-dbbe-49ea-89fb-6c597ee08ce1,,
1b57a8c9-7d7e-4823-8ab3-53e9ab46bbb0,,
1e9ea462-95d8-4fd5-8747-b7077a3b262f,,
529ea89a-2175-4b55-aa8f-2ec125e83e4a,,
5f34053e-348b-4f64-bf10-dd046f33a27f,,
cb33d442-ca3f-4199-93b5-f4153fb6155a,,
cd2bef52-954c-4742-a6ee-c9e68d8fad7d,,
46b83b65-2b11-4f05-a474-4e607fb2156c,,
b9ad4de2-ccad-40da-a10e-4ac1d5023822,,
e6a6a931-d9d9-4908-97f6-47831dffbef8,,
a7081a80-b90f-435a-aaf4-d44559769963,,
7d5b603a-8ad6-4a03-96eb-09dfd0bd25d4,,
97e1e2f5-4e2a-4c03-baa2-81de1a94ed79,,
7a1a49e5-2281-448d-a7e8-c29cf8b05ac1,,
acced7a5-adf3-4af0-b3ff-64dde5903ec3,,
185d1647-a6a4-46db-ad3c-662e28395013,,
258cba1f-33a0-43e5-80aa-7803f4fb9516,,
455e6723-5819-466b-92f6-0ac91b804ff2,,
ba081753-7ed1-41e6-9df3-2858f71152ec,,
c5f3ad05-7ab7-4428-b212-faec0cc8f1be,,
f646c48e-b9e5-498b-b0de-0a29ea459cb8,,
e77524b4-c814-47b6-bb93-95c9bc045f29,,
fe3de657-c226-4240-8372-65ac09f8a6f1,,
be1a9cf9-5614-4a66-8a1f-992ec46efcf7,,
d4d12916-6517-4500-b0dd-24062d9dec1c,,
d78fbce3-981f-4eca-bb47-61e9f540ae4f,,
db2c8800-4838-42b6-866e-be8494c1e824,,
bf5749e9-4dc6-4bf3-bf4f-0a8b4b61d7b1,,
f44f51ff-998c-4107-8711-04e46506bb32,,
a5ee9148-fd5e-4499-8291-736b0c7216e5,,
aa07cb42-ceb3-49c4-838e-f757ae58c379,,
85e3a7f7-fa6c-494f-8494-cc779dcdb310,,
a17648b9-2664-4191-b1f4-ae041d3ae9b1,,
3eeac583-a653-445f-8f6b-1eb8b10eb8e8,,
5399c802-a4fa-4b8d-9b75-6c7955d7b35d,,
928cec5d-5298-467e-96c4-02010d759aeb,,
940cdc2d-bc84-439a-baa1-52d10a840ca6,,
cb7cf22b-e8c4-470f-9146-a9eef68e36d9,,
07629329-edc1-47fe-8e54-564d3806b3d2,,
12e62acc-9ca1-4870-b752-047bc9bc6ed5,,
fe822720-ba7f-4173-b4e6-4a8b64737d8a,,
28f60d93-920c-4b79-b349-1dea244c39c7,,
4f7506a7-8d35-4df1-b1d1-b794eac81fa6,,
9f2b8237-0a3e-40ec-8c2f-75962f1e611a,,
5c69f8fa-e352-4c11-980f-bb0929c94c9b,,
ede59516-7cbe-4e5a-b1f2-34a27b283195,,
f443df12-c764-4a5a-83ee-a54def7647e0,,
2bf1e53c-628b-427c-92d2-1c95eee388b4,,
55f68fe4-85b6-433d-bd24-fc4b53ff529e,,
1c944f23-64aa-4196-b110-d0daad0dbc04,,
21aa3c7c-dc9e-4365-a06a-1793e1353644,,
eb05780b-25ae-419f-9bab-1385bfaf852c,,
ccbac600-8856-43cb-8edb-e7c874405146,,
43891ce5-6d2f-4148-b88d-fa5c4ea78af0,,
f805536d-407f-4727-a4c1-0c0bc2bdd426,,
73ae0bc6-9bcc-4825-a07c-4b443aa1309d,,
7e781340-2741-48fc-9d59-5be772723045,,
659f796b-83c1-451c-89d2-34e39b3b44a4,,
9c40a6c3-25ee-4b1a-aa72-310057457f86,,
8c2c9bb3-b219-4421-82c3-2701a2703615,,
fba2246c-c467-46b5-ad27-cf973fcd1808,,
468c4d78-2d3c-4455-9de8-00ea366d94e3,,
58e4b926-e4ea-41b4-88e5-a315c1ec5330,,
cbc0b1d5-320f-47d1-9915-db4fd6a89fb0,,
169da7ea-a1bc-439d-91e6-79f01721f625,,
2d98487f-0069-41b7-bf9f-2b90fd9375be,,
6b64b830-1688-4c69-bb09-cc8a32bc52fd,,
c243151d-cf69-47d8-8da1-217affc86b11,,
fc782da4-30e1-4681-be82-75c897981d54,,
16f96fed-3539-4ca6-92c5-4d0de3700920,,
1178d5fc-87e6-44d4-b948-2fa4ebf3afe0,,
3d3da510-cd9e-4b32-9e12-d4de6ab36679,,
91e30527-b37d-469d-97cb-ec0127e1d0b0,,
6bfd9965-a970-454c-ad78-b27706ee9a62,,
71d0a9ae-f326-4e50-a893-7b84ef29c2d6,,
9b7940d4-32b2-46a4-aa04-73b413a32685,,
34c0adfb-ff90-46d8-b90a-4d7b7253ad2d,,
8a38d592-a7d4-4301-b914-8e8d0a95dc25,,
02d17522-3540-4434-9de1-05708b905f0c,,
2c92ff5e-dcd6-42e1-ac4c-d6e62ae91c42,,
2f736034-dddc-418f-8913-8b6ed5b6e03f,,
b68adcfe-42c5-4331-bee6-54fc2abd0f8f,,
6096e473-6146-4939-ba1b-7e1923e5d68e,,
0bba63a1-1b3a-40fd-ab77-6f388f8e2bb2,,
08db0cdd-1a9c-4886-859c-a3985efba627,,
0affbf2b-ff73-485d-ace7-ea91e136c20a,,
4b0c1a39-745c-41b5-87b7-8f1b5517a113,,
8599d319-f1c7-4dcc-85c2-526625947011,,
64a084e8-98a2-4e65-bfec-8bb05f9ac47e,,
d1be615f-6861-4fcd-80a5-cd0bf17f664f,,
f4ef3e05-acaa-41cf-aee8-86efa64ef7e3,,
3fed4eec-351d-4e2e-afc9-7ff76ede075a,,
c4b07c00-52f8-4078-995f-44bd66122103,,
903ecbab-0f4d-4d95-9044-121a6b5bdf8e,,
31104521-021d-40aa-9b0c-7dfe0ee77213,,
45285e86-b843-4cf4-aebb-670add79ccc2,,
5669e132-7ea0-4798-82c8-e5cd96e72cca,,
6cac3eab-95d2-45c6-a2ed-0ebe357cd489,,
781a8114-042e-4381-aba2-5d8237edf8fa,,
6312481c-0498-42d0-9531-2fa8119f297f,,
32b6b2a7-2b15-4423-ac26-48e84b1b7f7e,,
488ab537-60a3-4418-b92a-fffa8ae22d4c,,
17616a95-36ff-4541-81dd-2af9a5ca0504,,
56c8809a-2f24-4267-971f-d81029d390c2,,
60838104-d19b-4c2f-a954-52c0425cc4e6,,
9a24cfb5-c8b6-40c0-9105-bc50f8c7a435,,
91381533-1d3a-4209-bf4a-6d31bed7825e,,
407d3b73-e0d5-42ea-9b87-1c7c7ad6b67d,,
6d948b28-3628-4f46-8850-b7cae92ad40e,,
ca5441d0-7258-4678-99ba-d5067b94e680,,
d5d6b3e4-2096-4096-912f-3afd4ae64a93,,
238e92d1-ed38-459c-a1b2-9baded689c51,,
3dc73df0-2731-444f-bd65-182ef426abc2,,
537b66ae-5022-4567-a3d5-d04a6c4983cb,,
5e01b634-1c1f-4cbc-aa8a-30ac71b19e81,,
8ce939a6-b88c-4b6d-8494-dc9f772154c6,,
01f4d00f-9302-47de-9d7a-5ee17052527f,,
68839381-0248-4054-9041-e71d47cdef51,,
8d12dadb-6af8-4786-9b7d-fc4ea759c46f,,
70dbc92c-1572-42e7-9cc3-2c12a3539952,,
837a496f-0499-4792-b565-0a1354d22c5d,,
e58e6963-606c-4e8b-ba4b-e4fb476b24a2,,
028aecb4-0375-4e51-91d1-de5a7546b8be,,
4c3cdcc3-0c3e-47eb-a855-4af914a6c9ca,,
b4f3ed67-0bbd-4d3a-b87e-6cab8df9bbab,,
f34faec2-c580-4601-8b14-4c00e6a963bd,,
7f5f000f-98d1-4460-97e4-9dafc1e4dc91,,
25ef2a5c-88a8-4ca8-ab07-7f6ff16109cc,,
3fa3d5cc-e634-46d4-a564-b3d9d204b846,,
6d221beb-fa80-4cd1-ac6f-47becd08051a,,
7ed51e0f-6ea7-4a11-8f6d-0b233ae6d02b,,
923e998a-3e32-4029-8444-8c5675f3b6df,,
c1cb0e3a-4db7-4878-8e32-51e69444c687,,
2ffac9e8-9c6a-4152-aea9-e39e3afb59ad,,
3ae74086-7310-45d3-a720-5cb2f99bdcc1,,
4227be34-a4e5-42e3-8bcc-b51bd4075127,,
23755b98-7842-4c0f-8b7c-cb2cb794b660,,
8119113f-f566-41e6-8f0d-c364d69cffc4,,
828637ec-35f9-47e2-969c-0ae9897b669b,,
aa865f8f-5abe-4164-ac4e-85d23ca46392,,
2096e604-80be-4718-a3a3-03f7320aca6f,,
7f5dcde9-80fd-4371-830a-59632f4b8124,,
d07c3adf-d0c2-4d4f-a90c-cd0cb8a1ddbe,,